{
    "config": {
        "aligned": false,
        "iters": 100,
        "kernel": "add",
        "out": "results_add.json",
        "prefault": false,
        "seed": 14,
        "size": "32MB",
        "threads": 1,
        "warmup": 10
    },
    "metadata": {
        "platform": {
            "cache_l1_bytes": 49152,
            "cache_l2_bytes": 1310720,
            "cache_llc_bytes": 12582912,
            "compiler": "MSVC 1929",
            "compiler_full": "MSVC 1929",
            "cpp_standard": 201703,
            "cpu_model": "11th Gen Intel(R) Core(TM) i7-1165G7 @ 2.80GHz",
            "logical_cores": 8,
            "os": "Windows",
            "os_distro": "Windows",
            "os_kernel": "Windows NT",
            "ram_total_gib": 15,
            "ram_total_pretty": "15 GiB"
        },
        "timestamp": "2026-03-03 18:45:52"
    },
    "stats": {
        "performance": {
            "avg_ns_per_op": 0.0,
            "bandwidth_gb_s": 0.0,
            "gflops": 0.0,
            "total_time_ns": 0
        },
        "sweep": [
            {
                "bandwidth_gb_s": 17.096347826086955,
                "bytes": 32768,
                "checksum": 5120.0,
                "kernel": "stream_add",
                "max_ns": 37300.0,
                "median_ns": 5750.0,
                "min_ns": 4100.0,
                "p95_ns": 11305.0,
                "stddev_ns": 4064.6637007260515
            },
            {
                "bandwidth_gb_s": 36.40888888888889,
                "bytes": 65536,
                "checksum": 5120.0,
                "kernel": "stream_add",
                "max_ns": 15400.0,
                "median_ns": 5400.0,
                "min_ns": 4200.0,
                "p95_ns": 10515.000000000004,
                "stddev_ns": 2115.585025471678
            },
            {
                "bandwidth_gb_s": 60.032977099236646,
                "bytes": 131072,
                "checksum": 5120.0,
                "kernel": "stream_add",
                "max_ns": 20200.0,
                "median_ns": 6550.0,
                "min_ns": 5700.0,
                "p95_ns": 13425.000000000005,
                "stddev_ns": 2649.5780796194704
            },
            {
                "bandwidth_gb_s": 69.59575221238939,
                "bytes": 262144,
                "checksum": 5120.0,
                "kernel": "stream_add",
                "max_ns": 19300.0,
                "median_ns": 11300.0,
                "min_ns": 9700.0,
                "p95_ns": 14100.0,
                "stddev_ns": 1440.9371950227394
            },
            {
                "bandwidth_gb_s": 93.62285714285714,
                "bytes": 524288,
                "checksum": 5120.0,
                "kernel": "stream_add",
                "max_ns": 22600.0,
                "median_ns": 16800.0,
                "min_ns": 9800.0,
                "p95_ns": 19700.000000000022,
                "stddev_ns": 1900.1357846217202
            },
            {
                "bandwidth_gb_s": 103.4778947368421,
                "bytes": 1048576,
                "checksum": 5120.0,
                "kernel": "stream_add",
                "max_ns": 39000.0,
                "median_ns": 30400.0,
                "min_ns": 23700.0,
                "p95_ns": 34605.0,
                "stddev_ns": 3034.6558289203076
            },
            {
                "bandwidth_gb_s": 103.90513625103222,
                "bytes": 2097152,
                "checksum": 5120.0,
                "kernel": "stream_add",
                "max_ns": 616700.0,
                "median_ns": 60550.0,
                "min_ns": 49800.0,
                "p95_ns": 142780.00000000035,
                "stddev_ns": 66569.40561549277
            },
            {
                "bandwidth_gb_s": 66.87702365134201,
                "bytes": 4194304,
                "checksum": 5120.0,
                "kernel": "stream_add",
                "max_ns": 436400.0,
                "median_ns": 188150.0,
                "min_ns": 102900.0,
                "p95_ns": 242980.0,
                "stddev_ns": 41555.936699826656
            },
            {
                "bandwidth_gb_s": 24.538856223489837,
                "bytes": 8388608,
                "checksum": 5120.0,
                "kernel": "stream_add",
                "max_ns": 1615500.0,
                "median_ns": 1025550.0,
                "min_ns": 875800.0,
                "p95_ns": 1301530.0,
                "stddev_ns": 119092.42872240032
            },
            {
                "bandwidth_gb_s": 20.440493024955835,
                "bytes": 16777216,
                "checksum": 5120.0,
                "kernel": "stream_add",
                "max_ns": 3394700.0,
                "median_ns": 2462350.0,
                "min_ns": 2130700.0,
                "p95_ns": 2959130.0,
                "stddev_ns": 221166.3945969188
            },
            {
                "bandwidth_gb_s": 19.173413331047684,
                "bytes": 33554432,
                "checksum": 5120.0,
                "kernel": "stream_add",
                "max_ns": 6956200.0,
                "median_ns": 5250150.0,
                "min_ns": 4662400.0,
                "p95_ns": 5880025.0,
                "stddev_ns": 414311.42160819075
            },
            {
                "bandwidth_gb_s": 19.15371293204327,
                "bytes": 67108864,
                "checksum": 5120.0,
                "kernel": "stream_add",
                "max_ns": 14254000.0,
                "median_ns": 10511100.0,
                "min_ns": 9710000.0,
                "p95_ns": 11718175.000000002,
                "stddev_ns": 719689.9830315828
            },
            {
                "bandwidth_gb_s": 19.30283051611233,
                "bytes": 134217728,
                "checksum": 5120.0,
                "kernel": "stream_add",
                "max_ns": 26089300.0,
                "median_ns": 20859800.0,
                "min_ns": 19756900.0,
                "p95_ns": 22751160.000000004,
                "stddev_ns": 1125444.4799473672
            },
            {
                "bandwidth_gb_s": 19.44355529587024,
                "bytes": 268435456,
                "checksum": 5120.0,
                "kernel": "stream_add",
                "max_ns": 48380600.0,
                "median_ns": 41417650.0,
                "min_ns": 40026800.0,
                "p95_ns": 44391480.0,
                "stddev_ns": 1452233.8036982887
            },
            {
                "bandwidth_gb_s": 19.25622419108298,
                "bytes": 536870912,
                "checksum": 5120.0,
                "kernel": "stream_add",
                "max_ns": 134038800.0,
                "median_ns": 83641150.0,
                "min_ns": 79689400.0,
                "p95_ns": 93545130.00000001,
                "stddev_ns": 6974287.701537628
            }
        ]
    }
}